<?xml version="1.0" encoding="utf-8"?>
<databaseChangeLog
    xmlns="http://www.liquibase.org/xml/ns/dbchangelog"
    xmlns:xsi="http://www.w3.org/2001/XMLSchema-instance"
    xsi:schemaLocation="http://www.liquibase.org/xml/ns/dbchangelog http://www.liquibase.org/xml/ns/dbchangelog/dbchangelog-3.6.xsd">

    <property name="now" value="now()" dbms="h2"/>
    <property name="now" value="current_timestamp" dbms="postgresql"/>

    <property name="floatType" value="float4" dbms="postgresql, h2"/>
    <property name="floatType" value="float" dbms="mysql, oracle, mssql, mariadb"/>
    <property name="clobType" value="longvarchar" dbms="h2"/>
    <property name="clobType" value="clob" dbms="mysql, oracle, mssql, mariadb, postgresql"/>
    <property name="uuidType" value="uuid" dbms="h2, postgresql"/>

    <include file="config/liquibase/changelog/00000000000000_initial_schema.xml" relativeToChangelogFile="false"/>
    <include file="config/liquibase/changelog/20190926132805_added_entity_EntityAuditEvent.xml" relativeToChangelogFile="false"/>
    <include file="config/liquibase/changelog/20190926133100_added_entity_Client.xml" relativeToChangelogFile="false"/>
    <include file="config/liquibase/changelog/20190926133101_added_entity_MasterLab.xml" relativeToChangelogFile="false"/>
    <include file="config/liquibase/changelog/20190926133102_added_entity_ActionTopicMapping.xml" relativeToChangelogFile="false"/>
    <include file="config/liquibase/changelog/20190926133103_added_entity_Topic.xml" relativeToChangelogFile="false"/>
    <include file="config/liquibase/changelog/20190926133104_added_entity_ALLUser.xml" relativeToChangelogFile="false"/>
    <include file="config/liquibase/changelog/20190926133105_added_entity_WorkbookUpload.xml" relativeToChangelogFile="false"/>
    <include file="config/liquibase/changelog/20190926133106_added_entity_ClassRoom.xml" relativeToChangelogFile="false"/>
    <include file="config/liquibase/changelog/20190926133107_added_entity_Team.xml" relativeToChangelogFile="false"/>
    <include file="config/liquibase/changelog/20190926133108_added_entity_Lab.xml" relativeToChangelogFile="false"/>
    <include file="config/liquibase/changelog/20190926133109_added_entity_Notification.xml" relativeToChangelogFile="false"/>
    <include file="config/liquibase/changelog/20190926133110_added_entity_Audit.xml" relativeToChangelogFile="false"/>
    <include file="config/liquibase/changelog/20190926133111_added_entity_WorkerAssignment.xml" relativeToChangelogFile="false"/>
    <include file="config/liquibase/changelog/20190926133112_added_entity_StageSubmission.xml" relativeToChangelogFile="false"/>
    <include file="config/liquibase/changelog/20190926133113_added_entity_TeacherAlert.xml" relativeToChangelogFile="false"/>
    <!-- jhipster-needle-liquibase-add-changelog - JHipster will add liquibase changelogs here -->
    <include file="config/liquibase/changelog/20190926133101_added_entity_constraints_MasterLab.xml" relativeToChangelogFile="false"/>
    <include file="config/liquibase/changelog/20190926133102_added_entity_constraints_ActionTopicMapping.xml" relativeToChangelogFile="false"/>
    <include file="config/liquibase/changelog/20190926133104_added_entity_constraints_ALLUser.xml" relativeToChangelogFile="false"/>
    <include file="config/liquibase/changelog/20190926133105_added_entity_constraints_WorkbookUpload.xml" relativeToChangelogFile="false"/>
    <include file="config/liquibase/changelog/20190926133106_added_entity_constraints_ClassRoom.xml" relativeToChangelogFile="false"/>
    <include file="config/liquibase/changelog/20190926133107_added_entity_constraints_Team.xml" relativeToChangelogFile="false"/>
    <include file="config/liquibase/changelog/20190926133108_added_entity_constraints_Lab.xml" relativeToChangelogFile="false"/>
    <include file="config/liquibase/changelog/20190926133109_added_entity_constraints_Notification.xml" relativeToChangelogFile="false"/>
    <include file="config/liquibase/changelog/20190926133111_added_entity_constraints_WorkerAssignment.xml" relativeToChangelogFile="false"/>
    <include file="config/liquibase/changelog/20190926133112_added_entity_constraints_StageSubmission.xml" relativeToChangelogFile="false"/>
    <include file="config/liquibase/changelog/20190926133113_added_entity_constraints_TeacherAlert.xml" relativeToChangelogFile="false"/>
    <!-- jhipster-needle-liquibase-add-constraints-changelog - JHipster will add liquibase constraints changelogs here -->
</databaseChangeLog>
