id;audit_data;audit_date;lab_id;team_id;client_id;class_room_id
1;Berkshire Awesome;2019-09-26;73682;58684;55774;74543
2;architectures Cotton;2019-09-26;33744;36308;89964;64591
3;Illinois dot-com;2019-09-25;33034;60577;93369;23722
4;Intelligent;2019-09-26;36535;24595;48780;16068
5;blue scalable Car;2019-09-25;84231;8023;5163;52451
6;infomediaries;2019-09-25;99725;11203;89661;39785
7;Agent TCP;2019-09-25;97506;25790;49074;17088
8;Tanzanian Shilling Assurance Nebraska;2019-09-25;47661;27997;83858;76949
9;silver;2019-09-26;71095;42543;19950;50761
10;Open-source Metal Auto Loan Account;2019-09-26;8729;58123;50610;15436
