id;bought_on;current_phase;lab_endd_date;setup_complete;phase_running;current_turn;current_phase_category;completion_complete
1;2019-09-25;76898;2019-09-25;true;true;84964;Ergonomic Falls;false
2;2019-09-26;95405;2019-09-26;true;false;22864;El Salvador Colon US Dollar Checking Account global;false
3;2019-09-26;67157;2019-09-26;true;false;77231;Gabon SAS Vietnam;true
4;2019-09-26;87665;2019-09-25;false;true;13401;Grocery transmit;true
5;2019-09-25;70407;2019-09-25;false;true;13637;Industrial seamless;true
6;2019-09-25;39224;2019-09-26;false;false;90415;real-time Berkshire solid state;false
7;2019-09-26;62208;2019-09-26;true;true;94952;Granite Configuration Buckinghamshire;false
8;2019-09-26;45913;2019-09-26;true;true;49261;concept payment;false
9;2019-09-26;7586;2019-09-26;false;false;12804;Shirt Metal;true
10;2019-09-26;18188;2019-09-25;false;false;89678;Mission Rand Soap;false
