id;name;description;school_type;category;single_user_mode;spread_sheet_id;metadata;metadata_content_type
1;Louisiana Specialist Home Loan Account;Plastic;Car Industrial deliverables;orange Books;true;monitor;../fake-data/blob/hipster.png;image/png
2;1080p Checking Account Identity;Frozen IB;Highway Ergonomic;moratorium moratorium;true;withdrawal COM;../fake-data/blob/hipster.png;image/png
3;embrace Developer;synthesize Idaho compress;Sleek Metal Table Small;Intelligent Outdoors;true;knowledge base Buckinghamshire;../fake-data/blob/hipster.png;image/png
4;Concrete Investment Account Saint Lucia;User-centric;Money Market Account;Salad Web virtual;true;RSS;../fake-data/blob/hipster.png;image/png
5;mint green e-business EXE;back-end;granular Direct contextually-based;synergies copying;true;Games;../fake-data/blob/hipster.png;image/png
6;Iraq Bedfordshire;Concrete 24/7 Directives;sky blue;Kenyan Shilling robust;true;Functionality;../fake-data/blob/hipster.png;image/png
7;Moroccan Dirham;capability zero tolerance Computers;Analyst paradigms;encompassing;true;Public-key Granite;../fake-data/blob/hipster.png;image/png
8;Way Dominican Republic;Bulgarian Lev navigate;Re-contextualized;web-enabled invoice withdrawal;true;Licensed hacking installation;../fake-data/blob/hipster.png;image/png
9;Argentine Peso;Kentucky Algerian Dinar Clothing;open-source turn-key;Sausages;true;synthesize Creative;../fake-data/blob/hipster.png;image/png
10;Forint;Concrete Global SMS;Profound;parsing;true;Equatorial Guinea Vision-oriented;../fake-data/blob/hipster.png;image/png
