id;submitted_date;sheet_name;sheet_category;stage_num;turn_num
1;2019-09-25;Borders reboot;mobile Cheese;31172;70698
2;2019-09-26;hack Electronics Oklahoma;Cambridgeshire navigate Licensed;53648;11063
3;2019-09-26;Creek Investment Account Buckinghamshire;Shoes Intuitive;72225;77188
4;2019-09-25;payment;Nevada port Money Market Account;82679;18159
5;2019-09-25;front-end Intuitive vortals;Communications;15335;91185
6;2019-09-25;Avon;Advanced bus;59296;93211
7;2019-09-26;International solid state;alarm;15253;77124
8;2019-09-25;Checking Account markets;Unbranded programming District;12281;11323
9;2019-09-26;Pizza yellow programming;FTP;51883;22739
10;2019-09-25;seize Handmade Plastic Mouse;auxiliary Money Market Account Cotton;41450;53739
