id;alert_to;message;type;alert_to_team_id;alert_to_user_id
1;Chief web-enabled interactive;District Idaho Grocery;Concrete Towels Avon;41892;3387
2;frame multi-byte modular;Electronics;Bedfordshire Strategist;45898;14866
3;applications Awesome;Hat matrices application;index indigo;89805;34938
4;Expressway;Tools Street;Arkansas reciprocal;71405;45328
5;Malaysia supply-chains;Borders hack;Pants;86178;7550
6;navigate didactic Dynamic;schemas Industrial;calculating;86699;65892
7;Toys white;olive;Kids Incredible;79991;56944
8;THX;Re-contextualized Licensed;Producer;60319;85569
9;parsing matrix Belize Dollar;empower;Senior;1300;63324
10;microchip;Music Salad North Carolina;circuit Forward;62476;34181
