id;stage;email_id
1;Haven Montenegro Fantastic Plastic Table;Bahamas
2;Manager open architecture;Gorgeous Metal Shoes
3;Investment Account;Investment Account cross-platform
4;Configuration;parse infrastructures Mobility
5;Implementation Shirt Unbranded Soft Fish;Refined Soft Keyboard synthesizing
6;indigo Bacon Mouse;Programmable payment National
7;HDD;Tanzanian Shilling Lights
8;e-enable Plaza intranet;convergence Idaho customized
9;synthesize Bahrain;Pre-emptive Bouvet Island (Bouvetoya) experiences
10;Credit Card Account;Belize Dollar Bacon
