id;name;description;url;sheet_type;difficulty
1;Incredible Fresh Chips;Shoes Music connect;https://jaqueline.info;Light;integrate Personal Loan Account
2;HTTP explicit;Personal Loan Account;https://jevon.org;payment Soap;Web
3;Outdoors New York Data;Jamaican Dollar North Carolina;http://jada.net;parsing Investment Account;Branding Dynamic black
4;yellow;Books Generic;https://ethyl.com;functionalities quantifying;wireless
5;hybrid;Solomon Islands Dollar;http://logan.org;Handmade Cotton Bacon Specialist China;quantify multi-byte
6;interface Cotton Robust;user-centric Infrastructure;https://davon.info;input compress Fantastic;Liechtenstein Buckinghamshire monetize
7;Direct;Small Frozen Salad bypassing;http://emmanuel.org;CFP Franc Borders Borders;Common
8;Money Market Account;Danish Krone parse;https://osvaldo.net;Unbranded;Associate Designer
9;mindshare;Guam bandwidth Liaison;https://noemy.org;SDD bypassing;Algerian Dinar Fantastic Fresh Salad
10;Steel Avon Visionary;exploit transition;https://dashawn.org;Planner navigate repurpose;Buckinghamshire
