{
    "name": "ActionTopicMapping",
    "fields": [
        {
            "fieldName": "actionName",
            "fieldType": "String"
        }
    ],
    "relationships": [
        {
            "relationshipType": "one-to-one",
            "otherEntityName": "topic",
            "otherEntityRelationshipName": "actionTopicMapping",
            "relationshipName": "topic",
            "otherEntityField": "id",
            "ownerSide": true
        }
    ],
    "changelogDate": "20190926133102",
    "entityTableName": "action_topic_mapping",
    "dto": "no",
    "pagination": "no",
    "service": "no",
    "jpaMetamodelFiltering": false,
    "fluentMethods": true,
    "clientRootFolder": "",
    "applications": "*"
}