{
    "name": "ALLUser",
    "fields": [
        {
            "fieldName": "firstName",
            "fieldType": "String"
        },
        {
            "fieldName": "lastName",
            "fieldType": "String"
        },
        {
            "fieldName": "role",
            "fieldType": "String"
        },
        {
            "fieldName": "uid",
            "fieldType": "String"
        },
        {
            "fieldName": "email",
            "fieldType": "String"
        },
        {
            "fieldName": "active",
            "fieldType": "Boolean"
        }
    ],
    "relationships": [
        {
            "relationshipName": "client",
            "otherEntityName": "client",
            "relationshipType": "many-to-one",
            "otherEntityField": "id",
            "otherEntityRelationshipName": "aLLUser"
        },
        {
            "relationshipType": "one-to-many",
            "otherEntityName": "lab",
            "otherEntityRelationshipName": "aLLUser",
            "relationshipName": "singleUserLabs"
        },
        {
            "relationshipName": "classRoom",
            "otherEntityName": "classRoom",
            "relationshipType": "many-to-one",
            "otherEntityField": "id",
            "otherEntityRelationshipName": "aLLUser"
        },
        {
            "relationshipName": "team",
            "otherEntityName": "team",
            "relationshipType": "many-to-one",
            "otherEntityField": "id",
            "otherEntityRelationshipName": "aLLUser"
        },
        {
            "relationshipName": "user",
            "otherEntityName": "user",
            "relationshipType": "one-to-one",
            "otherEntityField": "login",
            "ownerSide": true,
            "useJPADerivedIdentifier": false,
            "otherEntityRelationshipName": "aLLUser"
        }
    ],
    "changelogDate": "20190926133104",
    "entityTableName": "all_user",
    "dto": "no",
    "pagination": "no",
    "service": "no",
    "jpaMetamodelFiltering": false,
    "fluentMethods": true,
    "clientRootFolder": "",
    "applications": "*",
    "searchEngine": false,
    "databaseType": "sql",
    "enableEntityAudit": true
}
