{
    "name": "Audit",
    "fields": [
        {
            "fieldName": "auditData",
            "fieldType": "String"
        },
        {
            "fieldName": "auditDate",
            "fieldType": "LocalDate"
        },
        {
            "fieldName": "labId",
            "fieldType": "Long"
        },
        {
            "fieldName": "teamId",
            "fieldType": "Long"
        },
        {
            "fieldName": "clientId",
            "fieldType": "Long"
        },
        {
            "fieldName": "classRoomId",
            "fieldType": "Long"
        }
    ],
    "relationships": [],
    "changelogDate": "20190926133110",
    "entityTableName": "audit",
    "dto": "no",
    "pagination": "no",
    "service": "no",
    "jpaMetamodelFiltering": false,
    "fluentMethods": true,
    "clientRootFolder": "",
    "applications": "*"
}