{
    "name": "ClassRoom",
    "fields": [
        {
            "fieldName": "name",
            "fieldType": "String"
        },
        {
            "fieldName": "driveFolderId",
            "fieldType": "String"
        }
    ],
    "relationships": [
        {
            "relationshipName": "client",
            "otherEntityName": "client",
            "relationshipType": "many-to-one",
            "otherEntityField": "id"
        },
        {
            "relationshipType": "one-to-many",
            "otherEntityName": "lab",
            "otherEntityRelationshipName": "classRoom",
            "relationshipName": "labs"
        },
        {
            "relationshipType": "one-to-many",
            "otherEntityName": "aLLUser",
            "otherEntityRelationshipName": "classRoom",
            "relationshipName": "users"
        },
        {
            "relationshipType": "one-to-many",
            "otherEntityName": "notification",
            "otherEntityRelationshipName": "classRoom",
            "relationshipName": "notifications"
        },
        {
            "relationshipType": "one-to-many",
            "otherEntityName": "team",
            "otherEntityRelationshipName": "classRoom",
            "relationshipName": "teams"
        }
    ],
    "changelogDate": "20190926133106",
    "entityTableName": "class_room",
    "dto": "no",
    "pagination": "no",
    "service": "no",
    "jpaMetamodelFiltering": false,
    "fluentMethods": true,
    "clientRootFolder": "",
    "applications": "*"
}