{
    "name": "Client",
    "fields": [
        {
            "fieldName": "name",
            "fieldType": "String"
        },
        {
            "fieldName": "maxStudentPerTeam",
            "fieldType": "Integer"
        },
        {
            "fieldName": "driveFolderId",
            "fieldType": "String"
        }
    ],
    "relationships": [
        {
            "relationshipType": "one-to-many",
            "otherEntityName": "aLLUser",
            "otherEntityRelationshipName": "client",
            "relationshipName": "users"
        },
        {
            "relationshipType": "one-to-many",
            "otherEntityName": "classRoom",
            "otherEntityRelationshipName": "client",
            "relationshipName": "classRooms"
        }
    ],
    "changelogDate": "20190926133100",
    "entityTableName": "client",
    "dto": "no",
    "pagination": "no",
    "service": "no",
    "jpaMetamodelFiltering": false,
    "fluentMethods": true,
    "clientRootFolder": "",
    "applications": "*"
}