{
    "name": "Lab",
    "fields": [
        {
            "fieldName": "boughtOn",
            "fieldType": "LocalDate"
        },
        {
            "fieldName": "currentPhase",
            "fieldType": "Integer"
        },
        {
            "fieldName": "labEnddDate",
            "fieldType": "LocalDate"
        },
        {
            "fieldName": "setupComplete",
            "fieldType": "Boolean"
        },
        {
            "fieldName": "phaseRunning",
            "fieldType": "Boolean"
        },
        {
            "fieldName": "currentTurn",
            "fieldType": "Integer"
        },
        {
            "fieldName": "currentPhaseCategory",
            "fieldType": "String"
        },
        {
            "fieldName": "completionComplete",
            "fieldType": "Boolean"
        }
    ],
    "relationships": [
        {
            "relationshipName": "masterLab",
            "otherEntityName": "masterLab",
            "relationshipType": "many-to-one",
            "otherEntityField": "id"
        },
        {
            "relationshipName": "aLLUser",
            "otherEntityName": "aLLUser",
            "relationshipType": "many-to-one",
            "otherEntityField": "id"
        },
        {
            "relationshipName": "classRoom",
            "otherEntityName": "classRoom",
            "relationshipType": "many-to-one",
            "otherEntityField": "id"
        },
        {
            "relationshipType": "one-to-many",
            "otherEntityName": "notification",
            "otherEntityRelationshipName": "lab",
            "relationshipName": "notifications"
        },
        {
            "relationshipType": "one-to-many",
            "otherEntityName": "workerAssignment",
            "otherEntityRelationshipName": "lab",
            "relationshipName": "workerAssignments"
        },
        {
            "relationshipType": "one-to-many",
            "otherEntityName": "stageSubmission",
            "otherEntityRelationshipName": "lab",
            "relationshipName": "stageSubmissions"
        },
        {
            "relationshipType": "one-to-many",
            "otherEntityName": "teacherAlert",
            "otherEntityRelationshipName": "lab",
            "relationshipName": "teacherAlerts"
        }
    ],
    "changelogDate": "20190926133108",
    "entityTableName": "lab",
    "dto": "no",
    "pagination": "no",
    "service": "no",
    "jpaMetamodelFiltering": false,
    "fluentMethods": true,
    "clientRootFolder": "",
    "applications": "*"
}