{
    "name": "MasterLab",
    "fields": [
        {
            "fieldName": "name",
            "fieldType": "String"
        },
        {
            "fieldName": "description",
            "fieldType": "String"
        },
        {
            "fieldName": "schoolType",
            "fieldType": "String"
        },
        {
            "fieldName": "category",
            "fieldType": "String"
        },
        {
            "fieldName": "singleUserMode",
            "fieldType": "Boolean"
        },
        {
            "fieldName": "spreadSheetId",
            "fieldType": "String"
        },
        {
            "fieldName": "metadata",
            "fieldType": "byte[]",
            "fieldTypeBlobContent": "any"
        }
    ],
    "relationships": [
        {
            "relationshipType": "one-to-one",
            "otherEntityName": "actionTopicMapping",
            "otherEntityRelationshipName": "masterLab",
            "relationshipName": "actionTopicMappings",
            "otherEntityField": "id",
            "ownerSide": true
        },
        {
            "relationshipType": "one-to-many",
            "otherEntityName": "lab",
            "otherEntityRelationshipName": "masterLab",
            "relationshipName": "labs"
        }
    ],
    "changelogDate": "20190926133101",
    "entityTableName": "master_lab",
    "dto": "no",
    "pagination": "no",
    "service": "no",
    "jpaMetamodelFiltering": false,
    "fluentMethods": true,
    "clientRootFolder": "",
    "applications": "*"
}