{
    "name": "Notification",
    "fields": [
        {
            "fieldName": "notification",
            "fieldType": "String"
        },
        {
            "fieldName": "type",
            "fieldType": "String"
        },
        {
            "fieldName": "toTeacher",
            "fieldType": "Boolean"
        }
    ],
    "relationships": [
        {
            "relationshipName": "classRoom",
            "otherEntityName": "classRoom",
            "relationshipType": "many-to-one",
            "otherEntityField": "id"
        },
        {
            "relationshipName": "lab",
            "otherEntityName": "lab",
            "relationshipType": "many-to-one",
            "otherEntityField": "id"
        }
    ],
    "changelogDate": "20190926133109",
    "entityTableName": "notification",
    "dto": "no",
    "pagination": "no",
    "service": "no",
    "jpaMetamodelFiltering": false,
    "fluentMethods": true,
    "clientRootFolder": "",
    "applications": "*"
}