{
    "name": "StageSubmission",
    "fields": [
        {
            "fieldName": "submittedDate",
            "fieldType": "LocalDate"
        },
        {
            "fieldName": "sheetName",
            "fieldType": "String"
        },
        {
            "fieldName": "sheetCategory",
            "fieldType": "String"
        },
        {
            "fieldName": "stageNum",
            "fieldType": "Integer"
        },
        {
            "fieldName": "turnNum",
            "fieldType": "Integer"
        }
    ],
    "relationships": [
        {
            "relationshipName": "lab",
            "otherEntityName": "lab",
            "relationshipType": "many-to-one",
            "otherEntityField": "id"
        },
        {
            "relationshipType": "one-to-one",
            "otherEntityName": "aLLUser",
            "otherEntityRelationshipName": "stageSubmission",
            "relationshipName": "user",
            "otherEntityField": "id",
            "ownerSide": true
        },
        {
            "relationshipType": "one-to-one",
            "otherEntityName": "team",
            "otherEntityRelationshipName": "stageSubmission",
            "relationshipName": "team",
            "otherEntityField": "id",
            "ownerSide": true
        }
    ],
    "changelogDate": "20190926133112",
    "entityTableName": "stage_submission",
    "dto": "no",
    "pagination": "no",
    "service": "no",
    "jpaMetamodelFiltering": false,
    "fluentMethods": true,
    "clientRootFolder": "",
    "applications": "*"
}