{
    "name": "TeacherAlert",
    "fields": [
        {
            "fieldName": "alertTo",
            "fieldType": "String"
        },
        {
            "fieldName": "message",
            "fieldType": "String"
        },
        {
            "fieldName": "type",
            "fieldType": "String"
        },
        {
            "fieldName": "alertToTeamId",
            "fieldType": "Integer"
        },
        {
            "fieldName": "alertToUserId",
            "fieldType": "Integer"
        }
    ],
    "relationships": [
        {
            "relationshipName": "lab",
            "otherEntityName": "lab",
            "relationshipType": "many-to-one",
            "otherEntityField": "id"
        }
    ],
    "changelogDate": "20190926133113",
    "entityTableName": "teacher_alert",
    "dto": "no",
    "pagination": "no",
    "service": "no",
    "jpaMetamodelFiltering": false,
    "fluentMethods": true,
    "clientRootFolder": "",
    "applications": "*"
}