{
    "name": "Team",
    "fields": [
        {
            "fieldName": "name",
            "fieldType": "String"
        }
    ],
    "relationships": [
        {
            "relationshipName": "classRoom",
            "otherEntityName": "classRoom",
            "relationshipType": "many-to-one",
            "otherEntityField": "id"
        },
        {
            "relationshipType": "one-to-many",
            "otherEntityName": "aLLUser",
            "otherEntityRelationshipName": "team",
            "relationshipName": "students"
        }
    ],
    "changelogDate": "20190926133107",
    "entityTableName": "team",
    "dto": "no",
    "pagination": "no",
    "service": "no",
    "jpaMetamodelFiltering": false,
    "fluentMethods": true,
    "clientRootFolder": "",
    "applications": "*"
}