{
    "name": "Topic",
    "fields": [
        {
            "fieldName": "name",
            "fieldType": "String"
        }
    ],
    "relationships": [
        {
            "relationshipType": "one-to-many",
            "otherEntityName": "workbookUpload",
            "otherEntityRelationshipName": "topic",
            "relationshipName": "workbookUploads"
        }
    ],
    "changelogDate": "20190926133103",
    "entityTableName": "topic",
    "dto": "no",
    "pagination": "no",
    "service": "no",
    "jpaMetamodelFiltering": false,
    "fluentMethods": true,
    "clientRootFolder": "",
    "applications": "*"
}