{
    "name": "WorkerAssignment",
    "fields": [
        {
            "fieldName": "stage",
            "fieldType": "String"
        },
        {
            "fieldName": "emailId",
            "fieldType": "String"
        }
    ],
    "relationships": [
        {
            "relationshipName": "lab",
            "otherEntityName": "lab",
            "relationshipType": "many-to-one",
            "otherEntityField": "id"
        },
        {
            "relationshipType": "one-to-one",
            "otherEntityName": "team",
            "otherEntityRelationshipName": "workerAssignment",
            "relationshipName": "team",
            "otherEntityField": "id",
            "ownerSide": true
        }
    ],
    "changelogDate": "20190926133111",
    "entityTableName": "worker_assignment",
    "dto": "no",
    "pagination": "no",
    "service": "no",
    "jpaMetamodelFiltering": false,
    "fluentMethods": true,
    "clientRootFolder": "",
    "applications": "*"
}