{
    "name": "WorkbookUpload",
    "fields": [
        {
            "fieldName": "name",
            "fieldType": "String"
        },
        {
            "fieldName": "description",
            "fieldType": "String"
        },
        {
            "fieldName": "url",
            "fieldType": "String"
        },
        {
            "fieldName": "sheetType",
            "fieldType": "String"
        },
        {
            "fieldName": "difficulty",
            "fieldType": "String"
        }
    ],
    "relationships": [
        {
            "relationshipName": "topic",
            "otherEntityName": "topic",
            "relationshipType": "many-to-one",
            "otherEntityField": "id"
        }
    ],
    "changelogDate": "20190926133105",
    "entityTableName": "workbook_upload",
    "dto": "no",
    "pagination": "no",
    "service": "no",
    "jpaMetamodelFiltering": false,
    "fluentMethods": true,
    "clientRootFolder": "",
    "applications": "*"
}