{
  "generator-jhipster": {
    "promptValues": {
      "packageName": "com.activelearninglabs"
    },
    "jhipsterVersion": "6.3.1",
    "applicationType": "monolith",
    "baseName": "ALLServer",
    "packageName": "com.activelearninglabs",
    "packageFolder": "com/activelearninglabs",
    "serverPort": "8080",
    "authenticationType": "jwt",
    "cacheProvider": "ehcache",
    "enableHibernateCache": true,
    "websocket": false,
    "databaseType": "sql",
    "devDatabaseType": "postgresql",
    "prodDatabaseType": "postgresql",
    "searchEngine": false,
    "messageBroker": false,
    "serviceDiscoveryType": false,
    "buildTool": "maven",
    "enableSwaggerCodegen": false,
    "jwtSecretKey": "NzA5OGEwODkyNTk1OTJmZmIxYjExNDVhZTY0NzczOWIyZGFjMjhmYThhMDljOGE0ZmNmNGIzOTdkYzA4YTYzNjlkNWQ0N2YxY2M4YmUyNTI2YjMyYWVkNzUwZmM5M2Y1N2U3ZDc2YmZlMWQwYjE3NGZhOWYzOGYxMzZmMzM3ZDM=",
    "embeddableLaunchScript": false,
    "testFrameworks": [],
    "jhiPrefix": "jhi",
    "entitySuffix": "",
    "dtoSuffix": "DTO",
    "otherModules": [],
    "enableTranslation": false,
    "clientPackageManager": "npm",
    "blueprints": [],
    "skipClient": true
  },
  "generator-jhipster-entity-audit": {
    "auditFramework": "custom"
  }
}