<?xml version="1.0" encoding="utf-8"?>
<databaseChangeLog
    xmlns="http://www.liquibase.org/xml/ns/dbchangelog"
    xmlns:ext="http://www.liquibase.org/xml/ns/dbchangelog-ext"
    xmlns:xsi="http://www.w3.org/2001/XMLSchema-instance"
    xsi:schemaLocation="http://www.liquibase.org/xml/ns/dbchangelog http://www.liquibase.org/xml/ns/dbchangelog/dbchangelog-3.6.xsd
                        http://www.liquibase.org/xml/ns/dbchangelog-ext http://www.liquibase.org/xml/ns/dbchangelog/dbchangelog-ext.xsd">

    
    <!--
        Added the entity MasterLab.
    -->
    <changeSet id="20190926133101-1" author="jhipster">
        <createTable tableName="master_lab">
            <column name="id" type="bigint" autoIncrement="${autoIncrement}">
                <constraints primaryKey="true" nullable="false"/>
            </column>
            <column name="name" type="varchar(255)">
                <constraints nullable="true" />
            </column>
            <column name="description" type="varchar(255)">
                <constraints nullable="true" />
            </column>
            <column name="school_type" type="varchar(255)">
                <constraints nullable="true" />
            </column>
            <column name="category" type="varchar(255)">
                <constraints nullable="true" />
            </column>
            <column name="single_user_mode" type="boolean">
                <constraints nullable="true" />
            </column>
            <column name="spread_sheet_id" type="varchar(255)">
                <constraints nullable="true" />
            </column>
            <column name="metadata" type="longblob">
                <constraints nullable="true" />
            </column>
            <column name="metadata_content_type" type="varchar(255)">
                <constraints nullable="true" />
            </column>
            <column name="action_topic_mappings_id" type="bigint">
                <constraints unique="true" nullable="true" uniqueConstraintName="ux_master_lab_action_topic_mappings_id" />
            </column>
            <!-- jhipster-needle-liquibase-add-column - JHipster will add columns here, do not remove-->
        </createTable>
    </changeSet>

    <changeSet id="20190926133101-1-relations" author="jhipster">

    </changeSet>
    <!-- jhipster-needle-liquibase-add-changeset - JHipster will add changesets here, do not remove-->

    <!--
        Load sample data generated with Faker.js
        - This data can be easily edited using a CSV editor (or even MS Excel) and
          is located in the 'src/main/resources/config/liquibase/data' directory
        - By default this data is applied when running with the JHipster 'dev' profile.
          This can be customized by adding or removing 'faker' in the 'spring.liquibase.contexts'
          Spring Boot configuration key.
    -->
    <changeSet id="20190926133101-1-data" author="jhipster" context="faker">
        <loadData
                  file="config/liquibase/fake-data/master_lab.csv"
                  separator=";"
                  tableName="master_lab">
            <column name="id" type="numeric"/>
            <column name="name" type="string"/>
            <column name="description" type="string"/>
            <column name="school_type" type="string"/>
            <column name="category" type="string"/>
            <column name="single_user_mode" type="boolean"/>
            <column name="spread_sheet_id" type="string"/>
            <column name="metadata" type="blob"/>
            <column name="metadata_content_type" type="string"/>
            <!-- jhipster-needle-liquibase-add-loadcolumn - JHipster (and/or extensions) can add load columns here, do not remove-->
        </loadData>
    </changeSet>

</databaseChangeLog>
