<?xml version="1.0" encoding="utf-8"?>
<databaseChangeLog
    xmlns="http://www.liquibase.org/xml/ns/dbchangelog"
    xmlns:ext="http://www.liquibase.org/xml/ns/dbchangelog-ext"
    xmlns:xsi="http://www.w3.org/2001/XMLSchema-instance"
    xsi:schemaLocation="http://www.liquibase.org/xml/ns/dbchangelog http://www.liquibase.org/xml/ns/dbchangelog/dbchangelog-3.6.xsd
                        http://www.liquibase.org/xml/ns/dbchangelog-ext http://www.liquibase.org/xml/ns/dbchangelog/dbchangelog-ext.xsd">

    
    <!--
        Added the entity ALLUser.
    -->
    <changeSet id="20190926133104-1" author="jhipster">
        <createTable tableName="all_user">
            <column name="id" type="bigint" autoIncrement="${autoIncrement}">
                <constraints primaryKey="true" nullable="false"/>
            </column>
            <column name="first_name" type="varchar(255)">
                <constraints nullable="true" />
            </column>
            <column name="last_name" type="varchar(255)">
                <constraints nullable="true" />
            </column>
            <column name="role" type="varchar(255)">
                <constraints nullable="true" />
            </column>
            <column name="uid" type="varchar(255)">
                <constraints nullable="true" />
            </column>
            <column name="email" type="varchar(255)">
                <constraints nullable="true" />
            </column>
            <column name="active" type="boolean">
                <constraints nullable="true" />
            </column>
            <column name="client_id" type="bigint">
                <constraints nullable="true" />
            </column>
            <column name="class_room_id" type="bigint">
                <constraints nullable="true" />
            </column>
            <column name="team_id" type="bigint">
                <constraints nullable="true" />
            </column>
            <column name="user_id" type="bigint">
                <constraints unique="true" nullable="true" uniqueConstraintName="ux_all_user_user_id" />
            </column>
            <!-- jhipster-needle-liquibase-add-column - JHipster will add columns here, do not remove-->
        </createTable>
    </changeSet>

    <changeSet id="20190926133104-1-relations" author="jhipster">

    </changeSet>
    
    <!-- Added the entity audit columns -->
    <changeSet id="20190926133104-audit-1" author="jhipster-entity-audit">
        <addColumn tableName="all_user">
            <column name="created_by" type="varchar(50)">
                <constraints nullable="false"/>
            </column>
            <column name="created_date" type="timestamp" defaultValueDate="${now}">
                <constraints nullable="false"/>
            </column>
            <column name="last_modified_by" type="varchar(50)"/>
            <column name="last_modified_date" type="timestamp"/>
        </addColumn>
    </changeSet>
    <!-- jhipster-needle-liquibase-add-changeset - JHipster will add changesets here, do not remove-->

    <!--
        Load sample data generated with Faker.js
        - This data can be easily edited using a CSV editor (or even MS Excel) and
          is located in the 'src/main/resources/config/liquibase/data' directory
        - By default this data is applied when running with the JHipster 'dev' profile.
          This can be customized by adding or removing 'faker' in the 'spring.liquibase.contexts'
          Spring Boot configuration key.
    -->
    <changeSet id="20190926133104-1-data" author="jhipster">
        <loadData
                  file="config/liquibase/fake-data/all_user.csv"
                  separator=";"
                  tableName="all_user">
            <column name="id" type="numeric"/>
            <column name="first_name" type="string"/>
            <column name="last_name" type="string"/>
            <column name="role" type="string"/>
            <column name="uid" type="string"/>
            <column name="email" type="string"/>
            <column name="active" type="boolean"/>
            <!-- jhipster-needle-liquibase-add-loadcolumn - JHipster (and/or extensions) can add load columns here, do not remove-->
        </loadData>
    </changeSet>

</databaseChangeLog>
