<?xml version="1.1" encoding="UTF-8" standalone="no"?>
<databaseChangeLog xmlns="http://www.liquibase.org/xml/ns/dbchangelog" xmlns:ext="http://www.liquibase.org/xml/ns/dbchangelog-ext" xmlns:xsi="http://www.w3.org/2001/XMLSchema-instance" xsi:schemaLocation="http://www.liquibase.org/xml/ns/dbchangelog-ext http://www.liquibase.org/xml/ns/dbchangelog/dbchangelog-ext.xsd http://www.liquibase.org/xml/ns/dbchangelog http://www.liquibase.org/xml/ns/dbchangelog/dbchangelog-3.6.xsd">
    <changeSet author="upesh (generated)" id="1569548960013-8">
        <addColumn tableName="all_user">
            <column name="created_by" type="varchar(50)">
                <constraints nullable="false"/>
            </column>
        </addColumn>
    </changeSet>
    <changeSet author="upesh (generated)" id="1569548960013-9">
        <addColumn tableName="all_user">
            <column name="created_date" type="timestamp"/>
        </addColumn>
    </changeSet>
    <changeSet author="upesh (generated)" id="1569548960013-10">
        <addColumn tableName="all_user">
            <column name="last_modified_by" type="varchar(50)"/>
        </addColumn>
    </changeSet>
    <changeSet author="upesh (generated)" id="1569548960013-11">
        <addColumn tableName="all_user">
            <column name="last_modified_date" type="timestamp"/>
        </addColumn>
    </changeSet>
    <changeSet author="upesh (generated)" id="1569548960013-12">
        <addColumn tableName="all_user">
            <column name="user_id" type="int8"/>
        </addColumn>
    </changeSet>
    <changeSet author="upesh (generated)" id="1569548960013-13">
        <addUniqueConstraint columnNames="user_id" constraintName="UC_ALL_USERUSER_ID_COL" tableName="all_user"/>
    </changeSet>
    <changeSet author="upesh (generated)" id="1569548960013-14">
        <addForeignKeyConstraint baseColumnNames="user_id" baseTableName="all_user" constraintName="FK7lnruynpw2x5ow62rg7rxkbdg" deferrable="false" initiallyDeferred="false" referencedColumnNames="id" referencedTableName="jhi_user" validate="true"/>
    </changeSet>
    <changeSet author="upesh (generated)" id="1569548960013-1">
        <dropUniqueConstraint constraintName="UC_ACTION_TOPIC_MAPPINGTOPIC_ID_COL" tableName="action_topic_mapping"/>
        <addUniqueConstraint columnNames="topic_id" constraintName="UC_ACTION_TOPIC_MAPPINGTOPIC_ID_COL" tableName="action_topic_mapping"/>
    </changeSet>
    <changeSet author="upesh (generated)" id="1569548960013-2">
        <dropUniqueConstraint constraintName="UC_JHI_USEREMAIL_COL" tableName="jhi_user"/>
        <addUniqueConstraint columnNames="email" constraintName="UC_JHI_USEREMAIL_COL" tableName="jhi_user"/>
    </changeSet>
    <changeSet author="upesh (generated)" id="1569548960013-3">
        <dropUniqueConstraint constraintName="UC_JHI_USERLOGIN_COL" tableName="jhi_user"/>
        <addUniqueConstraint columnNames="login" constraintName="UC_JHI_USERLOGIN_COL" tableName="jhi_user"/>
    </changeSet>
    <changeSet author="upesh (generated)" id="1569548960013-4">
        <dropUniqueConstraint constraintName="UC_MASTER_LABACTION_TOPIC_MAPPINGS_ID_COL" tableName="master_lab"/>
        <addUniqueConstraint columnNames="action_topic_mappings_id" constraintName="UC_MASTER_LABACTION_TOPIC_MAPPINGS_ID_COL" tableName="master_lab"/>
    </changeSet>
    <changeSet author="upesh (generated)" id="1569548960013-5">
        <dropUniqueConstraint constraintName="UC_STAGE_SUBMISSIONTEAM_ID_COL" tableName="stage_submission"/>
        <addUniqueConstraint columnNames="team_id" constraintName="UC_STAGE_SUBMISSIONTEAM_ID_COL" tableName="stage_submission"/>
    </changeSet>
    <changeSet author="upesh (generated)" id="1569548960013-6">
        <dropUniqueConstraint constraintName="UC_STAGE_SUBMISSIONUSER_ID_COL" tableName="stage_submission"/>
        <addUniqueConstraint columnNames="user_id" constraintName="UC_STAGE_SUBMISSIONUSER_ID_COL" tableName="stage_submission"/>
    </changeSet>
    <changeSet author="upesh (generated)" id="1569548960013-7">
        <dropUniqueConstraint constraintName="UC_WORKER_ASSIGNMENTTEAM_ID_COL" tableName="worker_assignment"/>
        <addUniqueConstraint columnNames="team_id" constraintName="UC_WORKER_ASSIGNMENTTEAM_ID_COL" tableName="worker_assignment"/>
    </changeSet>
</databaseChangeLog>
